country,country_code,continent,population,indicator,weekly_count,year_week,rate_14_day,cumulative_countAndorra,AND,Europe,76177,cases,5,2020-11,0.000000,5
Andorra,AND,Europe,76177,cases,108,2020-12,148.338737,113
Andorra,AND,Europe,76177,cases,221,2020-13,431.888890,334
Andorra,AND,Europe,76177,cases,167,2020-14,509.340089,501
Andorra,AND,Europe,76177,cases,137,2020-15,399.070586,638
Andorra,AND,Europe,76177,deaths,0,2020-11,0.000000,0
Andorra,AND,Europe,76177,deaths,0,2020-12,0.000000,0
Andorra,AND,Europe,76177,deaths,6,2020-13,78.763931,6
Andorra,AND,Europe,76177,deaths,12,2020-14,236.291794,18
Andorra,AND,Europe,76177,deaths,11,2020-15,301.928404,29
Angola,AGO,Africa,32866268,cases,2,2020-12,0.000000,2
Angola,AGO,Africa,32866268,cases,5,2020-13,0.021298,7
Angola,AGO,Africa,32866268,cases,7,2020-14,0.036512,14
Angola,AGO,Africa,32866268,cases,5,2020-15,0.036512,19
Angola,AGO,Africa,32866268,deaths,0,2020-12,0.000000,0
Angola,AGO,Africa,32866268,deaths,2,2020-13,0.060853,2
Angola,AGO,Africa,32866268,deaths,0,2020-14,0.060853,2
Angola,AGO,Africa,32866268,deaths,0,2020-15,0.000000,2
Argentina,ARG,America,45195777,cases,12,2020-10,0.000000,12
Argentina,ARG,America,45195777,cases,44,2020-11,0.123905,56
Argentina,ARG,America,45195777,cases,210,2020-12,0.561999,266
Argentina,ARG,America,45195777,cases,554,2020-13,1.690423,820
Argentina,ARG,America,45195777,cases,734,2020-14,2.849824,1554
Argentina,ARG,America,45195777,cases,649,2020-15,3.060020,2203
Argentina,ARG,America,45195777,deaths,1,2020-10,0.000000,1
Argentina,ARG,America,45195777,deaths,1,2020-11,0.044252,2
Argentina,ARG,America,45195777,deaths,2,2020-12,0.066378,4
Argentina,ARG,America,45195777,deaths,16,2020-13,0.398267,20
Argentina,ARG,America,45195777,deaths,26,2020-14,0.929290,46
Argentina,ARG,America,45195777,deaths,49,2020-15,1.659447,95
Australia,AUS,Oceania,25499881,cases,0,2020-01,0.000000,0
Australia,AUS,Oceania,25499881,cases,0,2020-02,0.000000,0
Australia,AUS,Oceania,25499881,cases,0,2020-03,0.000000,0
Australia,AUS,Oceania,25499881,cases,4,2020-04,0.015686,4
Australia,AUS,Oceania,25499881,cases,7,2020-05,0.043137,11
Australia,AUS,Oceania,25499881,cases,3,2020-06,0.039216,14
Australia,AUS,Oceania,25499881,cases,1,2020-07,0.015686,15
Australia,AUS,Oceania,25499881,cases,7,2020-08,0.031373,22
Australia,AUS,Oceania,25499881,cases,7,2020-09,0.054902,29
Australia,AUS,Oceania,25499881,cases,51,2020-10,0.227452,80
Australia,AUS,Oceania,25499881,cases,218,2020-11,1.054907,298
Australia,AUS,Oceania,25499881,cases,1411,2020-12,6.388265,1709
Australia,AUS,Oceania,25499881,cases,2384,2020-13,14.882422,4093
Australia,AUS,Oceania,25499881,cases,1651,2020-14,15.823603,5744
Australia,AUS,Oceania,25499881,cases,578,2020-15,8.741217,6322
Australia,AUS,Oceania,25499881,deaths,0,2020-01,0.000000,0
Australia,AUS,Oceania,25499881,deaths,0,2020-02,0.000000,0
Australia,AUS,Oceania,25499881,deaths,0,2020-03,0.000000,0
Australia,AUS,Oceania,25499881,deaths,0,2020-04,0.000000,0
Australia,AUS,Oceania,25499881,deaths,0,2020-05,0.000000,0
Australia,AUS,Oceania,25499881,deaths,0,2020-06,0.000000,0
Australia,AUS,Oceania,25499881,deaths,0,2020-07,0.000000,0
Australia,AUS,Oceania,25499881,deaths,0,2020-08,0.000000,0
Australia,AUS,Oceania,25499881,deaths,1,2020-09,0.039216,1
Australia,AUS,Oceania,25499881,deaths,2,2020-10,0.117648,3
Australia,AUS,Oceania,25499881,deaths,2,2020-11,0.156863,5
Australia,AUS,Oceania,25499881,deaths,2,2020-12,0.156863,7
Australia,AUS,Oceania,25499881,deaths,9,2020-13,0.431375,16
Australia,AUS,Oceania,25499881,deaths,20,2020-14,1.137260,36
Australia,AUS,Oceania,25499881,deaths,25,2020-15,1.764714,61
Austria,AUT,Europe,8901064,cases,0,2020-01,0.000000,0
Austria,AUT,Europe,8901064,cases,0,2020-02,0.000000,0
Austria,AUT,Europe,8901064,cases,0,2020-03,0.000000,0
Austria,AUT,Europe,8901064,cases,0,2020-04,0.000000,0
Austria,AUT,Europe,8901064,cases,0,2020-05,0.000000,0
Austria,AUT,Europe,8901064,cases,0,2020-06,0.000000,0
Austria,AUT,Europe,8901064,cases,0,2020-07,0.000000,0
Austria,AUT,Europe,8901064,cases,0,2020-08,0.000000,0
Austria,AUT,Europe,8901064,cases,14,2020-09,0.157285,14
Austria,AUT,Europe,8901064,cases,88,2020-10,1.145930,102
Austria,AUT,Europe,8901064,cases,758,2020-11,9.504482,860
Austria,AUT,Europe,8901064,cases,2771,2020-12,39.646946,3631
Austria,AUT,Europe,8901064,cases,5182,2020-13,89.348869,8813
Austria,AUT,Europe,8901064,cases,3170,2020-14,93.831479,11983
Austria,AUT,Europe,8901064,cases,1954,2020-15,57.566152,13937
Austria,AUT,Europe,8901064,deaths,0,2020-01,0.000000,0
Austria,AUT,Europe,8901064,deaths,0,2020-02,0.000000,0
Austria,AUT,Europe,8901064,deaths,0,2020-03,0.000000,0
Austria,AUT,Europe,8901064,deaths,0,2020-04,0.000000,0
Austria,AUT,Europe,8901064,deaths,0,2020-05,0.000000,0
Austria,AUT,Europe,8901064,deaths,0,2020-06,0.000000,0
Austria,AUT,Europe,8901064,deaths,0,2020-07,0.000000,0
Austria,AUT,Europe,8901064,deaths,0,2020-08,0.000000,0
Austria,AUT,Europe,8901064,deaths,0,2020-09,0.000000,0
Austria,AUT,Europe,8901064,deaths,0,2020-10,0.000000,0
Austria,AUT,Europe,8901064,deaths,1,2020-11,0.112346,1
Austria,AUT,Europe,8901064,deaths,15,2020-12,1.797538,16
Austria,AUT,Europe,8901064,deaths,70,2020-13,9.549420,86
Austria,AUT,Europe,8901064,deaths,118,2020-14,21.121070,204
Austria,AUT,Europe,8901064,deaths,146,2020-15,29.659376,350
Belgium,BEL,Europe,11522440,cases,0,2020-01,0.000000,0
Belgium,BEL,Europe,11522440,cases,0,2020-02,0.000000,0
Belgium,BEL,Europe,11522440,cases,0,2020-03,0.000000,0
Belgium,BEL,Europe,11522440,cases,0,2020-04,0.000000,0
Belgium,BEL,Europe,11522440,cases,0,2020-05,0.000000,0
Belgium,BEL,Europe,11522440,cases,0,2020-06,0.000000,0
Belgium,BEL,Europe,11522440,cases,0,2020-07,0.000000,0
Belgium,BEL,Europe,11522440,cases,343,2020-08,2.976800,343
Belgium,BEL,Europe,11522440,cases,-324,2020-09,0.164896,19
Belgium,BEL,Europe,11522440,cases,388,2020-10,0.555438,407
Belgium,BEL,Europe,11522440,cases,1348,2020-11,15.066253,1755
Belgium,BEL,Europe,11522440,cases,3673,2020-12,43.575840,5428
Belgium,BEL,Europe,11522440,cases,8130,2020-13,102.434901,13558
Belgium,BEL,Europe,11522440,cases,9694,2020-14,154.689458,23252
Belgium,BEL,Europe,11522440,cases,11175,2020-15,181.116152,34427
Belgium,BEL,Europe,11522440,deaths,0,2020-01,0.000000,0
Belgium,BEL,Europe,11522440,deaths,0,2020-02,0.000000,0
Belgium,BEL,Europe,11522440,deaths,0,2020-03,0.000000,0
Belgium,BEL,Europe,11522440,deaths,0,2020-04,0.000000,0
Belgium,BEL,Europe,11522440,deaths,0,2020-05,0.000000,0
Belgium,BEL,Europe,11522440,deaths,0,2020-06,0.000000,0
Belgium,BEL,Europe,11522440,deaths,0,2020-07,0.000000,0
Belgium,BEL,Europe,11522440,deaths,0,2020-08,0.000000,0
Belgium,BEL,Europe,11522440,deaths,0,2020-09,0.000000,0
Belgium,BEL,Europe,11522440,deaths,0,2020-10,0.000000,0
Belgium,BEL,Europe,11522440,deaths,18,2020-11,1.562169,18
Belgium,BEL,Europe,11522440,deaths,203,2020-12,19.179965,221
Belgium,BEL,Europe,11522440,deaths,785,2020-13,85.745727,1006
Belgium,BEL,Europe,11522440,deaths,1585,2020-14,205.685601,2591
Belgium,BEL,Europe,11522440,deaths,1980,2020-15,309.396274,4571
Bosnia And Herzegovina,BIH,Europe,3280815,cases,18,2020-11,0.000000,18
Bosnia And Herzegovina,BIH,Europe,3280815,cases,107,2020-12,3.810029,125
Bosnia And Herzegovina,BIH,Europe,3280815,cases,198,2020-13,9.296471,323
Bosnia And Herzegovina,BIH,Europe,3280815,cases,340,2020-14,16.398364,663
Bosnia And Herzegovina,BIH,Europe,3280815,cases,344,2020-15,20.848478,1007
Bosnia And Herzegovina,BIH,Europe,3280815,deaths,0,2020-11,0.000000,0
Bosnia And Herzegovina,BIH,Europe,3280815,deaths,1,2020-12,0.304802,1
Bosnia And Herzegovina,BIH,Europe,3280815,deaths,5,2020-13,1.828814,6
Bosnia And Herzegovina,BIH,Europe,3280815,deaths,18,2020-14,7.010453,24
Bosnia And Herzegovina,BIH,Europe,3280815,deaths,14,2020-15,9.753674,38
Brazil,BRA,America,212559409,cases,0,2020-01,0.000000,0
Brazil,BRA,America,212559409,cases,0,2020-02,0.000000,0
Brazil,BRA,America,212559409,cases,0,2020-03,0.000000,0
Brazil,BRA,America,212559409,cases,0,2020-04,0.000000,0
Brazil,BRA,America,212559409,cases,0,2020-05,0.000000,0
Brazil,BRA,America,212559409,cases,0,2020-06,0.000000,0
Brazil,BRA,America,212559409,cases,0,2020-07,0.000000,0
Brazil,BRA,America,212559409,cases,0,2020-08,0.000000,0
Brazil,BRA,America,212559409,cases,2,2020-09,0.000941,2
Brazil,BRA,America,212559409,cases,23,2020-10,0.011761,25
Brazil,BRA,America,212559409,cases,175,2020-11,0.093150,200
Brazil,BRA,America,212559409,cases,1346,2020-12,0.715565,1546
Brazil,BRA,America,212559409,cases,2710,2020-13,1.908172,4256
Brazil,BRA,America,212559409,cases,6874,2020-14,4.508857,11130
Brazil,BRA,America,212559409,cases,11039,2020-15,8.427291,22169
Brazil,BRA,America,212559409,deaths,0,2020-01,0.000000,0
Brazil,BRA,America,212559409,deaths,0,2020-02,0.000000,0
Brazil,BRA,America,212559409,deaths,0,2020-03,0.000000,0
Brazil,BRA,America,212559409,deaths,0,2020-04,0.000000,0
Brazil,BRA,America,212559409,deaths,0,2020-05,0.000000,0
Brazil,BRA,America,212559409,deaths,0,2020-06,0.000000,0
Brazil,BRA,America,212559409,deaths,0,2020-07,0.000000,0
Brazil,BRA,America,212559409,deaths,0,2020-08,0.000000,0
Brazil,BRA,America,212559409,deaths,0,2020-09,0.000000,0
Brazil,BRA,America,212559409,deaths,0,2020-10,0.000000,0
Brazil,BRA,America,212559409,deaths,0,2020-11,0.000000,0
Brazil,BRA,America,212559409,deaths,25,2020-12,0.117614,25
Brazil,BRA,America,212559409,deaths,111,2020-13,0.639821,136
Brazil,BRA,America,212559409,deaths,350,2020-14,2.168805,486
Brazil,BRA,America,212559409,deaths,737,2020-15,5.113864,1223
Canada,CAN,America,37742157,cases,0,2020-01,0.000000,0
Canada,CAN,America,37742157,cases,0,2020-02,0.000000,0
Canada,CAN,America,37742157,cases,0,2020-03,0.000000,0
Canada,CAN,America,37742157,cases,1,2020-04,0.002650,1
Canada,CAN,America,37742157,cases,3,2020-05,0.010598,4
Canada,CAN,America,37742157,cases,3,2020-06,0.015897,7
Canada,CAN,America,37742157,cases,1,2020-07,0.010598,8
Canada,CAN,America,37742157,cases,1,2020-08,0.005299,9
Canada,CAN,America,37742157,cases,15,2020-09,0.042393,24
Canada,CAN,America,37742157,cases,38,2020-10,0.140427,62
Canada,CAN,America,37742157,cases,242,2020-11,0.741876,304
Canada,CAN,America,37742157,cases,1126,2020-12,3.624594,1430
Canada,CAN,America,37742157,cases,4825,2020-13,15.767514,6255
Canada,CAN,America,37742157,cases,9241,2020-14,37.268670,15496
Canada,CAN,America,37742157,cases,8869,2020-15,47.983479,24365
Canada,CAN,America,37742157,deaths,0,2020-01,0.000000,0
Canada,CAN,America,37742157,deaths,0,2020-02,0.000000,0
Canada,CAN,America,37742157,deaths,0,2020-03,0.000000,0
Canada,CAN,America,37742157,deaths,0,2020-04,0.000000,0
Canada,CAN,America,37742157,deaths,0,2020-05,0.000000,0
Canada,CAN,America,37742157,deaths,0,2020-06,0.000000,0
Canada,CAN,America,37742157,deaths,0,2020-07,0.000000,0
Canada,CAN,America,37742157,deaths,0,2020-08,0.000000,0
Canada,CAN,America,37742157,deaths,0,2020-09,0.000000,0
Canada,CAN,America,37742157,deaths,0,2020-10,0.000000,0
Canada,CAN,America,37742157,deaths,1,2020-11,0.026496,1
Canada,CAN,America,37742157,deaths,19,2020-12,0.529911,20
Canada,CAN,America,37742157,deaths,41,2020-13,1.589734,61
Canada,CAN,America,37742157,deaths,219,2020-14,6.888848,280
Canada,CAN,America,37742157,deaths,437,2020-15,17.381095,717
China,CHN,Asia,1439323774,cases,59,2020-01,0.000000,59
China,CHN,Asia,1439323774,cases,0,2020-02,0.004099,59
China,CHN,Asia,1439323774,cases,176,2020-03,0.012228,235
China,CHN,Asia,1439323774,cases,2540,2020-04,0.188700,2775
China,CHN,Asia,1439323774,cases,14436,2020-05,1.179443,17211
China,CHN,Asia,1439323774,cases,22995,2020-06,2.600596,40206
China,CHN,Asia,1439323774,cases,30412,2020-07,3.710562,70618
China,CHN,Asia,1439323774,cases,6616,2020-08,2.572597,77234
China,CHN,Asia,1439323774,cases,2900,2020-09,0.661144,80134
China,CHN,Asia,1439323774,cases,725,2020-10,0.251854,80859
China,CHN,Asia,1439323774,cases,161,2020-11,0.061557,81020
China,CHN,Asia,1439323774,cases,464,2020-12,0.043423,81484
China,CHN,Asia,1439323774,cases,673,2020-13,0.078995,82157
China,CHN,Asia,1439323774,cases,485,2020-14,0.080454,82642
China,CHN,Asia,1439323774,cases,567,2020-15,0.073090,83209
China,CHN,Asia,1439323774,deaths,0,2020-01,0.000000,0
China,CHN,Asia,1439323774,deaths,1,2020-02,0.000695,1
China,CHN,Asia,1439323774,deaths,2,2020-03,0.002084,3
China,CHN,Asia,1439323774,deaths,78,2020-04,0.055582,81
China,CHN,Asia,1439323774,deaths,280,2020-05,0.248728,361
China,CHN,Asia,1439323774,deaths,548,2020-06,0.575270,909
China,CHN,Asia,1439323774,deaths,862,2020-07,0.979627,1771
China,CHN,Asia,1439323774,deaths,824,2020-08,1.171383,2595
China,CHN,Asia,1439323774,deaths,319,2020-09,0.794123,2914
China,CHN,Asia,1439323774,deaths,208,2020-10,0.366144,3122
China,CHN,Asia,1439323774,deaths,94,2020-11,0.209821,3216
China,CHN,Asia,1439323774,deaths,58,2020-12,0.105605,3274
China,CHN,Asia,1439323774,deaths,32,2020-13,0.062529,3306
China,CHN,Asia,1439323774,deaths,29,2020-14,0.042381,3335
China,CHN,Asia,1439323774,deaths,10,2020-15,0.027096,3345
Croatia,HRV,Europe,4058165,cases,0,2020-01,0.000000,0
Croatia,HRV,Europe,4058165,cases,0,2020-02,0.000000,0
Croatia,HRV,Europe,4058165,cases,0,2020-03,0.000000,0
Croatia,HRV,Europe,4058165,cases,0,2020-04,0.000000,0
Croatia,HRV,Europe,4058165,cases,0,2020-05,0.000000,0
Croatia,HRV,Europe,4058165,cases,0,2020-06,0.000000,0
Croatia,HRV,Europe,4058165,cases,0,2020-07,0.000000,0
Croatia,HRV,Europe,4058165,cases,0,2020-08,0.000000,0
Croatia,HRV,Europe,4058165,cases,7,2020-09,0.172492,7
Croatia,HRV,Europe,4058165,cases,5,2020-10,0.295700,12
Croatia,HRV,Europe,4058165,cases,36,2020-11,1.010309,48
Croatia,HRV,Europe,4058165,cases,187,2020-12,5.495094,235
Croatia,HRV,Europe,4058165,cases,478,2020-13,16.386717,713
Croatia,HRV,Europe,4058165,cases,469,2020-14,23.335670,1182
Croatia,HRV,Europe,4058165,cases,418,2020-15,21.857169,1600
Croatia,HRV,Europe,4058165,deaths,0,2020-01,0.000000,0
Croatia,HRV,Europe,4058165,deaths,0,2020-02,0.000000,0
Croatia,HRV,Europe,4058165,deaths,0,2020-03,0.000000,0
Croatia,HRV,Europe,4058165,deaths,0,2020-04,0.000000,0
Croatia,HRV,Europe,4058165,deaths,0,2020-05,0.000000,0
Croatia,HRV,Europe,4058165,deaths,0,2020-06,0.000000,0
Croatia,HRV,Europe,4058165,deaths,0,2020-07,0.000000,0
Croatia,HRV,Europe,4058165,deaths,0,2020-08,0.000000,0
Croatia,HRV,Europe,4058165,deaths,0,2020-09,0.000000,0
Croatia,HRV,Europe,4058165,deaths,0,2020-10,0.000000,0
Croatia,HRV,Europe,4058165,deaths,0,2020-11,0.000000,0
Croatia,HRV,Europe,4058165,deaths,0,2020-12,0.000000,0
Croatia,HRV,Europe,4058165,deaths,6,2020-13,1.478501,6
Croatia,HRV,Europe,4058165,deaths,9,2020-14,3.696252,15
Croatia,HRV,Europe,4058165,deaths,8,2020-15,4.189085,23
Czechia,CZE,Europe,10693939,cases,0,2020-01,0.000000,0
Czechia,CZE,Europe,10693939,cases,0,2020-02,0.000000,0
Czechia,CZE,Europe,10693939,cases,0,2020-03,0.000000,0
Czechia,CZE,Europe,10693939,cases,0,2020-04,0.000000,0
Czechia,CZE,Europe,10693939,cases,0,2020-05,0.000000,0
Czechia,CZE,Europe,10693939,cases,0,2020-06,0.000000,0
Czechia,CZE,Europe,10693939,cases,0,2020-07,0.000000,0
Czechia,CZE,Europe,10693939,cases,0,2020-08,0.000000,0
Czechia,CZE,Europe,10693939,cases,3,2020-09,0.028053,3
Czechia,CZE,Europe,10693939,cases,29,2020-10,0.299235,32
Czechia,CZE,Europe,10693939,cases,266,2020-11,2.758572,298
Czechia,CZE,Europe,10693939,cases,867,2020-12,10.594786,1165
Czechia,CZE,Europe,10693939,cases,1664,2020-13,23.667612,2829
Czechia,CZE,Europe,10693939,cases,1758,2020-14,31.999434,4587
Czechia,CZE,Europe,10693939,cases,1404,2020-15,29.568151,5991
Czechia,CZE,Europe,10693939,deaths,0,2020-01,0.000000,0
Czechia,CZE,Europe,10693939,deaths,0,2020-02,0.000000,0
Czechia,CZE,Europe,10693939,deaths,0,2020-03,0.000000,0
Czechia,CZE,Europe,10693939,deaths,0,2020-04,0.000000,0
Czechia,CZE,Europe,10693939,deaths,0,2020-05,0.000000,0
Czechia,CZE,Europe,10693939,deaths,0,2020-06,0.000000,0
Czechia,CZE,Europe,10693939,deaths,0,2020-07,0.000000,0
Czechia,CZE,Europe,10693939,deaths,0,2020-08,0.000000,0
Czechia,CZE,Europe,10693939,deaths,0,2020-09,0.000000,0
Czechia,CZE,Europe,10693939,deaths,0,2020-10,0.000000,0
Czechia,CZE,Europe,10693939,deaths,0,2020-11,0.000000,0
Czechia,CZE,Europe,10693939,deaths,1,2020-12,0.093511,1
Czechia,CZE,Europe,10693939,deaths,15,2020-13,1.496175,16
Czechia,CZE,Europe,10693939,deaths,51,2020-14,6.171720,67
Czechia,CZE,Europe,10693939,deaths,71,2020-15,11.408331,138
Egypt,EGY,Africa,102334403,cases,0,2020-01,0.000000,0
Egypt,EGY,Africa,102334403,cases,0,2020-02,0.000000,0
Egypt,EGY,Africa,102334403,cases,0,2020-03,0.000000,0
Egypt,EGY,Africa,102334403,cases,0,2020-04,0.000000,0
Egypt,EGY,Africa,102334403,cases,0,2020-05,0.000000,0
Egypt,EGY,Africa,102334403,cases,0,2020-06,0.000000,0
Egypt,EGY,Africa,102334403,cases,1,2020-07,0.000977,1
Egypt,EGY,Africa,102334403,cases,0,2020-08,0.000977,1
Egypt,EGY,Africa,102334403,cases,1,2020-09,0.000977,2
Egypt,EGY,Africa,102334403,cases,47,2020-10,0.046905,49
Egypt,EGY,Africa,102334403,cases,61,2020-11,0.105536,110
Egypt,EGY,Africa,102334403,cases,184,2020-12,0.239411,294
Egypt,EGY,Africa,102334403,cases,282,2020-13,0.455370,576
Egypt,EGY,Africa,102334403,cases,494,2020-14,0.758298,1070
Egypt,EGY,Africa,102334403,cases,995,2020-15,1.455034,2065
Egypt,EGY,Africa,102334403,deaths,0,2020-01,0.000000,0
Egypt,EGY,Africa,102334403,deaths,0,2020-02,0.000000,0
Egypt,EGY,Africa,102334403,deaths,0,2020-03,0.000000,0
Egypt,EGY,Africa,102334403,deaths,0,2020-04,0.000000,0
Egypt,EGY,Africa,102334403,deaths,0,2020-05,0.000000,0
Egypt,EGY,Africa,102334403,deaths,0,2020-06,0.000000,0
Egypt,EGY,Africa,102334403,deaths,0,2020-07,0.000000,0
Egypt,EGY,Africa,102334403,deaths,0,2020-08,0.000000,0
Egypt,EGY,Africa,102334403,deaths,0,2020-09,0.000000,0
Egypt,EGY,Africa,102334403,deaths,1,2020-10,0.009772,1
Egypt,EGY,Africa,102334403,deaths,1,2020-11,0.019544,2
Egypt,EGY,Africa,102334403,deaths,8,2020-12,0.087947,10
Egypt,EGY,Africa,102334403,deaths,26,2020-13,0.332244,36
Egypt,EGY,Africa,102334403,deaths,35,2020-14,0.596085,71
Egypt,EGY,Africa,102334403,deaths,88,2020-15,1.201942,159
Finland,FIN,Europe,5525292,cases,0,2020-01,0.000000,0
Finland,FIN,Europe,5525292,cases,0,2020-02,0.000000,0
Finland,FIN,Europe,5525292,cases,0,2020-03,0.000000,0
Finland,FIN,Europe,5525292,cases,0,2020-04,0.000000,0
Finland,FIN,Europe,5525292,cases,1,2020-05,0.018099,1
Finland,FIN,Europe,5525292,cases,0,2020-06,0.018099,1
Finland,FIN,Europe,5525292,cases,0,2020-07,0.000000,1
Finland,FIN,Europe,5525292,cases,0,2020-08,0.000000,1
Finland,FIN,Europe,5525292,cases,5,2020-09,0.090493,6
Finland,FIN,Europe,5525292,cases,24,2020-10,0.524859,30
Finland,FIN,Europe,5525292,cases,237,2020-11,4.723732,267
Finland,FIN,Europe,5525292,cases,359,2020-12,10.786760,626
Finland,FIN,Europe,5525292,cases,592,2020-13,17.211760,1218
Finland,FIN,Europe,5525292,cases,709,2020-14,23.546267,1927
Finland,FIN,Europe,5525292,cases,1047,2020-15,31.781126,2974
Finland,FIN,Europe,5525292,deaths,0,2020-01,0.000000,0
Finland,FIN,Europe,5525292,deaths,0,2020-02,0.000000,0
Finland,FIN,Europe,5525292,deaths,0,2020-03,0.000000,0
Finland,FIN,Europe,5525292,deaths,0,2020-04,0.000000,0
Finland,FIN,Europe,5525292,deaths,0,2020-05,0.000000,0
Finland,FIN,Europe,5525292,deaths,0,2020-06,0.000000,0
Finland,FIN,Europe,5525292,deaths,0,2020-07,0.000000,0
Finland,FIN,Europe,5525292,deaths,0,2020-08,0.000000,0
Finland,FIN,Europe,5525292,deaths,0,2020-09,0.000000,0
Finland,FIN,Europe,5525292,deaths,0,2020-10,0.000000,0
Finland,FIN,Europe,5525292,deaths,0,2020-11,0.000000,0
Finland,FIN,Europe,5525292,deaths,1,2020-12,0.180986,1
Finland,FIN,Europe,5525292,deaths,10,2020-13,1.990845,11
Finland,FIN,Europe,5525292,deaths,16,2020-14,4.705634,27
Finland,FIN,Europe,5525292,deaths,29,2020-15,8.144366,56
France,FRA,Europe,67320216,cases,0,2020-01,0.000000,0
France,FRA,Europe,67320216,cases,0,2020-02,0.000000,0
France,FRA,Europe,67320216,cases,0,2020-03,0.000000,0
France,FRA,Europe,67320216,cases,3,2020-04,0.004456,3
France,FRA,Europe,67320216,cases,3,2020-05,0.008913,6
France,FRA,Europe,67320216,cases,5,2020-06,0.011884,11
France,FRA,Europe,67320216,cases,1,2020-07,0.008913,12
France,FRA,Europe,67320216,cases,0,2020-08,0.001485,12
France,FRA,Europe,67320216,cases,118,2020-09,0.175282,130
France,FRA,Europe,67320216,cases,996,2020-10,1.654778,1126
France,FRA,Europe,67320216,cases,4297,2020-11,7.862423,5423
France,FRA,Europe,67320216,cases,10595,2020-12,22.121141,16018
France,FRA,Europe,67320216,cases,24156,2020-13,51.620452,40174
France,FRA,Europe,67320216,cases,30304,2020-14,80.896948,70478
France,FRA,Europe,67320216,cases,24925,2020-15,82.039250,95403
France,FRA,Europe,67320216,deaths,0,2020-01,0.000000,0
France,FRA,Europe,67320216,deaths,0,2020-02,0.000000,0
France,FRA,Europe,67320216,deaths,0,2020-03,0.000000,0
France,FRA,Europe,67320216,deaths,0,2020-04,0.000000,0
France,FRA,Europe,67320216,deaths,0,2020-05,0.000000,0
France,FRA,Europe,67320216,deaths,0,2020-06,0.000000,0
France,FRA,Europe,67320216,deaths,1,2020-07,0.014854,1
France,FRA,Europe,67320216,deaths,0,2020-08,0.014854,1
France,FRA,Europe,67320216,deaths,1,2020-09,0.014854,2
France,FRA,Europe,67320216,deaths,17,2020-10,0.267379,19
France,FRA,Europe,67320216,deaths,108,2020-11,1.856797,127
France,FRA,Europe,67320216,deaths,547,2020-12,9.729618,674
France,FRA,Europe,67320216,deaths,1932,2020-13,36.824005,2606
France,FRA,Europe,67320216,deaths,5472,2020-14,109.981822,8078
France,FRA,Europe,67320216,deaths,6315,2020-15,175.088565,14393
Germany,DEU,Europe,83166711,cases,0,2020-01,0.000000,0
Germany,DEU,Europe,83166711,cases,0,2020-02,0.000000,0
Germany,DEU,Europe,83166711,cases,0,2020-03,0.000000,0
Germany,DEU,Europe,83166711,cases,0,2020-04,0.000000,0
Germany,DEU,Europe,83166711,cases,9,2020-05,0.010822,9
Germany,DEU,Europe,83166711,cases,4,2020-06,0.015631,13
Germany,DEU,Europe,83166711,cases,2,2020-07,0.007214,15
Germany,DEU,Europe,83166711,cases,0,2020-08,0.002405,15
Germany,DEU,Europe,83166711,cases,114,2020-09,0.137074,129
Germany,DEU,Europe,83166711,cases,773,2020-10,1.066532,902
Germany,DEU,Europe,83166711,cases,3936,2020-11,5.662121,4838
Germany,DEU,Europe,83166711,cases,19936,2020-12,28.703792,24774
Germany,DEU,Europe,83166711,cases,32524,2020-13,63.078123,57298
Germany,DEU,Europe,83166711,cases,38093,2020-14,84.910175,95391
Germany,DEU,Europe,83166711,cases,27625,2020-15,79.019597,123016
Germany,DEU,Europe,83166711,deaths,0,2020-01,0.000000,0
Germany,DEU,Europe,83166711,deaths,0,2020-02,0.000000,0
Germany,DEU,Europe,83166711,deaths,0,2020-03,0.000000,0
Germany,DEU,Europe,83166711,deaths,0,2020-04,0.000000,0
Germany,DEU,Europe,83166711,deaths,0,2020-05,0.000000,0
Germany,DEU,Europe,83166711,deaths,0,2020-06,0.000000,0
Germany,DEU,Europe,83166711,deaths,0,2020-07,0.000000,0
Germany,DEU,Europe,83166711,deaths,0,2020-08,0.000000,0
Germany,DEU,Europe,83166711,deaths,0,2020-09,0.000000,0
Germany,DEU,Europe,83166711,deaths,0,2020-10,0.000000,0
Germany,DEU,Europe,83166711,deaths,12,2020-11,0.144288,12
Germany,DEU,Europe,83166711,deaths,82,2020-12,1.130260,94
Germany,DEU,Europe,83166711,deaths,361,2020-13,5.326650,455
Germany,DEU,Europe,83166711,deaths,979,2020-14,16.112216,1434
Germany,DEU,Europe,83166711,deaths,1365,2020-15,28.184354,2799
Gibraltar,GIB,Europe,33691,cases,15,2020-12,0.000000,15
Gibraltar,GIB,Europe,33691,cases,50,2020-13,192.929863,65
Gibraltar,GIB,Europe,33691,cases,38,2020-14,261.197352,103
Gibraltar,GIB,Europe,33691,cases,26,2020-15,189.961711,129
Gibraltar,GIB,Europe,33691,deaths,0,2020-12,0.000000,0
Gibraltar,GIB,Europe,33691,deaths,0,2020-13,0.000000,0
Gibraltar,GIB,Europe,33691,deaths,0,2020-14,0.000000,0
Gibraltar,GIB,Europe,33691,deaths,0,2020-15,0.000000,0
Greece,GRC,Europe,10718565,cases,0,2020-01,0.000000,0
Greece,GRC,Europe,10718565,cases,0,2020-02,0.000000,0
Greece,GRC,Europe,10718565,cases,0,2020-03,0.000000,0
Greece,GRC,Europe,10718565,cases,0,2020-04,0.000000,0
Greece,GRC,Europe,10718565,cases,0,2020-05,0.000000,0
Greece,GRC,Europe,10718565,cases,0,2020-06,0.000000,0
Greece,GRC,Europe,10718565,cases,0,2020-07,0.000000,0
Greece,GRC,Europe,10718565,cases,0,2020-08,0.000000,0
Greece,GRC,Europe,10718565,cases,7,2020-09,0.065307,7
Greece,GRC,Europe,10718565,cases,66,2020-10,0.681061,73
Greece,GRC,Europe,10718565,cases,258,2020-11,3.022793,331
Greece,GRC,Europe,10718565,cases,293,2020-12,5.140614,624
Greece,GRC,Europe,10718565,cases,532,2020-13,7.696926,1156
Greece,GRC,Europe,10718565,cases,579,2020-14,10.365193,1735
Greece,GRC,Europe,10718565,cases,379,2020-15,8.937764,2114
Greece,GRC,Europe,10718565,deaths,0,2020-01,0.000000,0
Greece,GRC,Europe,10718565,deaths,0,2020-02,0.000000,0
Greece,GRC,Europe,10718565,deaths,0,2020-03,0.000000,0
Greece,GRC,Europe,10718565,deaths,0,2020-04,0.000000,0
Greece,GRC,Europe,10718565,deaths,0,2020-05,0.000000,0
Greece,GRC,Europe,10718565,deaths,0,2020-06,0.000000,0
Greece,GRC,Europe,10718565,deaths,0,2020-07,0.000000,0
Greece,GRC,Europe,10718565,deaths,0,2020-08,0.000000,0
Greece,GRC,Europe,10718565,deaths,0,2020-09,0.000000,0
Greece,GRC,Europe,10718565,deaths,0,2020-10,0.000000,0
Greece,GRC,Europe,10718565,deaths,4,2020-11,0.373184,4
Greece,GRC,Europe,10718565,deaths,11,2020-12,1.399441,15
Greece,GRC,Europe,10718565,deaths,23,2020-13,3.172066,38
Greece,GRC,Europe,10718565,deaths,35,2020-14,5.411172,73
Greece,GRC,Europe,10718565,deaths,25,2020-15,5.597764,98
Guatemala,GTM,America,17915567,cases,1,2020-11,0.000000,1
Guatemala,GTM,America,17915567,cases,18,2020-12,0.106053,19
Guatemala,GTM,America,17915567,cases,17,2020-13,0.195361,36
Guatemala,GTM,America,17915567,cases,34,2020-14,0.284669,70
Guatemala,GTM,America,17915567,cases,86,2020-15,0.669809,156
Guatemala,GTM,America,17915567,deaths,1,2020-11,0.000000,1
Guatemala,GTM,America,17915567,deaths,0,2020-12,0.055817,1
Guatemala,GTM,America,17915567,deaths,0,2020-13,0.000000,1
Guatemala,GTM,America,17915567,deaths,2,2020-14,0.111635,3
Guatemala,GTM,America,17915567,deaths,2,2020-15,0.223270,5
Hungary,HUN,Europe,9769526,cases,8,2020-10,0.000000,8
Hungary,HUN,Europe,9769526,cases,31,2020-11,0.399201,39
Hungary,HUN,Europe,9769526,cases,128,2020-12,1.627510,167
Hungary,HUN,Europe,9769526,cases,280,2020-13,4.176252,447
Hungary,HUN,Europe,9769526,cases,297,2020-14,5.906121,744
Hungary,HUN,Europe,9769526,cases,714,2020-15,10.348506,1458
Hungary,HUN,Europe,9769526,deaths,0,2020-10,0.000000,0
Hungary,HUN,Europe,9769526,deaths,1,2020-11,0.102359,1
Hungary,HUN,Europe,9769526,deaths,6,2020-12,0.716514,7
Hungary,HUN,Europe,9769526,deaths,8,2020-13,1.433028,15
Hungary,HUN,Europe,9769526,deaths,23,2020-14,3.173132,38
Hungary,HUN,Europe,9769526,deaths,71,2020-15,9.621756,109
Ireland,IRL,Europe,4964440,cases,0,2020-01,0.000000,0
Ireland,IRL,Europe,4964440,cases,0,2020-02,0.000000,0
Ireland,IRL,Europe,4964440,cases,0,2020-03,0.000000,0
Ireland,IRL,Europe,4964440,cases,0,2020-04,0.000000,0
Ireland,IRL,Europe,4964440,cases,0,2020-05,0.000000,0
Ireland,IRL,Europe,4964440,cases,0,2020-06,0.000000,0
Ireland,IRL,Europe,4964440,cases,0,2020-07,0.000000,0
Ireland,IRL,Europe,4964440,cases,0,2020-08,0.000000,0
Ireland,IRL,Europe,4964440,cases,1,2020-09,0.020143,1
Ireland,IRL,Europe,4964440,cases,20,2020-10,0.423008,21
Ireland,IRL,Europe,4964440,cases,148,2020-11,3.384067,169
Ireland,IRL,Europe,4964440,cases,737,2020-12,17.826784,906
Ireland,IRL,Europe,4964440,cases,1709,2020-13,49.270411,2615
Ireland,IRL,Europe,4964440,cases,2496,2020-14,84.702403,5111
Ireland,IRL,Europe,4964440,cases,4544,2020-15,141.808542,9655
Ireland,IRL,Europe,4964440,deaths,0,2020-01,0.000000,0
Ireland,IRL,Europe,4964440,deaths,0,2020-02,0.000000,0
Ireland,IRL,Europe,4964440,deaths,0,2020-03,0.000000,0
Ireland,IRL,Europe,4964440,deaths,0,2020-04,0.000000,0
Ireland,IRL,Europe,4964440,deaths,0,2020-05,0.000000,0
Ireland,IRL,Europe,4964440,deaths,0,2020-06,0.000000,0
Ireland,IRL,Europe,4964440,deaths,0,2020-07,0.000000,0
Ireland,IRL,Europe,4964440,deaths,0,2020-08,0.000000,0
Ireland,IRL,Europe,4964440,deaths,0,2020-09,0.000000,0
Ireland,IRL,Europe,4964440,deaths,0,2020-10,0.000000,0
Ireland,IRL,Europe,4964440,deaths,2,2020-11,0.402865,2
Ireland,IRL,Europe,4964440,deaths,2,2020-12,0.805730,4
Ireland,IRL,Europe,4964440,deaths,42,2020-13,8.863034,46
Ireland,IRL,Europe,4964440,deaths,112,2020-14,31.020619,158
Ireland,IRL,Europe,4964440,deaths,176,2020-15,58.012586,334
Italy,ITA,Europe,59641488,cases,0,2020-01,0.000000,0
Italy,ITA,Europe,59641488,cases,0,2020-02,0.000000,0
Italy,ITA,Europe,59641488,cases,0,2020-03,0.000000,0
Italy,ITA,Europe,59641488,cases,0,2020-04,0.000000,0
Italy,ITA,Europe,59641488,cases,3,2020-05,0.005030,3
Italy,ITA,Europe,59641488,cases,0,2020-06,0.005030,3
Italy,ITA,Europe,59641488,cases,0,2020-07,0.000000,3
Italy,ITA,Europe,59641488,cases,129,2020-08,0.216292,132
Italy,ITA,Europe,59641488,cases,1557,2020-09,2.826891,1689
Italy,ITA,Europe,59641488,cases,5686,2020-10,12.144231,7375
Italy,ITA,Europe,59641488,cases,16605,2020-11,37.374990,23980
Italy,ITA,Europe,59641488,cases,35158,2020-12,86.790256,59138
Italy,ITA,Europe,59641488,cases,38551,2020-13,123.586789,97689
Italy,ITA,Europe,59641488,cases,31259,2020-14,117.049393,128948
Italy,ITA,Europe,59641488,cases,27415,2020-15,98.377827,156363
Italy,ITA,Europe,59641488,deaths,0,2020-01,0.000000,0
Italy,ITA,Europe,59641488,deaths,0,2020-02,0.000000,0
Italy,ITA,Europe,59641488,deaths,0,2020-03,0.000000,0
Italy,ITA,Europe,59641488,deaths,0,2020-04,0.000000,0
Italy,ITA,Europe,59641488,deaths,0,2020-05,0.000000,0
Italy,ITA,Europe,59641488,deaths,0,2020-06,0.000000,0
Italy,ITA,Europe,59641488,deaths,0,2020-07,0.000000,0
Italy,ITA,Europe,59641488,deaths,2,2020-08,0.033534,2
Italy,ITA,Europe,59641488,deaths,33,2020-09,0.586840,35
Italy,ITA,Europe,59641488,deaths,331,2020-10,6.103134,366
Italy,ITA,Europe,59641488,deaths,1445,2020-11,29.777929,1811
Italy,ITA,Europe,59641488,deaths,3665,2020-12,85.678614,5476
Italy,ITA,Europe,59641488,deaths,5305,2020-13,150.398662,10781
Italy,ITA,Europe,59641488,deaths,5108,2020-14,174.593230,15889
Italy,ITA,Europe,59641488,deaths,4012,2020-15,152.913690,19901
Malta,MLT,Europe,514564,cases,3,2020-10,0.000000,3
Malta,MLT,Europe,514564,cases,27,2020-11,5.830179,30
Malta,MLT,Europe,514564,cases,77,2020-12,20.211286,107
Malta,MLT,Europe,514564,cases,49,2020-13,24.486750,156
Malta,MLT,Europe,514564,cases,85,2020-14,26.041464,241
Malta,MLT,Europe,514564,cases,143,2020-15,44.309357,384
Malta,MLT,Europe,514564,deaths,0,2020-10,0.000000,0
Malta,MLT,Europe,514564,deaths,0,2020-11,0.000000,0
Malta,MLT,Europe,514564,deaths,0,2020-12,0.000000,0
Malta,MLT,Europe,514564,deaths,0,2020-13,0.000000,0
Malta,MLT,Europe,514564,deaths,0,2020-14,0.000000,0
Malta,MLT,Europe,514564,deaths,3,2020-15,5.830179,3
Mexico,MEX,America,128932753,cases,0,2020-01,0.000000,0
Mexico,MEX,America,128932753,cases,0,2020-02,0.000000,0
Mexico,MEX,America,128932753,cases,1,2020-03,0.000776,1
Mexico,MEX,America,128932753,cases,0,2020-04,0.000776,1
Mexico,MEX,America,128932753,cases,1,2020-05,0.000776,2
Mexico,MEX,America,128932753,cases,0,2020-06,0.000776,2
Mexico,MEX,America,128932753,cases,1,2020-07,0.000776,3
Mexico,MEX,America,128932753,cases,1,2020-08,0.001551,4
Mexico,MEX,America,128932753,cases,11,2020-09,0.009307,15
Mexico,MEX,America,128932753,cases,14,2020-10,0.019390,29
Mexico,MEX,America,128932753,cases,216,2020-11,0.178388,245
Mexico,MEX,America,128932753,cases,654,2020-12,0.674770,899
Mexico,MEX,America,128932753,cases,1221,2020-13,1.454246,2120
Mexico,MEX,America,128932753,cases,2083,2020-14,2.562576,4203
Mexico,MEX,America,128932753,cases,3386,2020-15,4.241746,7589
Mexico,MEX,America,128932753,deaths,0,2020-01,0.000000,0
Mexico,MEX,America,128932753,deaths,0,2020-02,0.000000,0
Mexico,MEX,America,128932753,deaths,0,2020-03,0.000000,0
Mexico,MEX,America,128932753,deaths,0,2020-04,0.000000,0
Mexico,MEX,America,128932753,deaths,0,2020-05,0.000000,0
Mexico,MEX,America,128932753,deaths,0,2020-06,0.000000,0
Mexico,MEX,America,128932753,deaths,0,2020-07,0.000000,0
Mexico,MEX,America,128932753,deaths,0,2020-08,0.000000,0
Mexico,MEX,America,128932753,deaths,0,2020-09,0.000000,0
Mexico,MEX,America,128932753,deaths,0,2020-10,0.000000,0
Mexico,MEX,America,128932753,deaths,0,2020-11,0.000000,0
Mexico,MEX,America,128932753,deaths,2,2020-12,0.015512,2
Mexico,MEX,America,128932753,deaths,18,2020-13,0.155120,20
Mexico,MEX,America,128932753,deaths,74,2020-14,0.713550,94
Mexico,MEX,America,128932753,deaths,202,2020-15,2.140651,296
Morocco,MAR,Africa,36910558,cases,28,2020-11,0.000000,28
Morocco,MAR,Africa,36910558,cases,87,2020-12,0.311564,115
Morocco,MAR,Africa,36910558,cases,364,2020-13,1.221873,479
Morocco,MAR,Africa,36910558,cases,542,2020-14,2.454582,1021
Morocco,MAR,Africa,36910558,cases,640,2020-15,3.202336,1661
Morocco,MAR,Africa,36910558,deaths,1,2020-11,0.000000,1
Morocco,MAR,Africa,36910558,deaths,3,2020-12,0.108370,4
Morocco,MAR,Africa,36910558,deaths,22,2020-13,0.677313,26
Morocco,MAR,Africa,36910558,deaths,44,2020-14,1.788106,70
Morocco,MAR,Africa,36910558,deaths,48,2020-15,2.492512,118
Mozambique,MOZ,Africa,31255435,cases,1,2020-12,0.000000,1
Mozambique,MOZ,Africa,31255435,cases,7,2020-13,0.025596,8
Mozambique,MOZ,Africa,31255435,cases,2,2020-14,0.028795,10
Mozambique,MOZ,Africa,31255435,cases,11,2020-15,0.041593,21
Mozambique,MOZ,Africa,31255435,deaths,0,2020-12,0.000000,0
Mozambique,MOZ,Africa,31255435,deaths,0,2020-13,0.000000,0
Mozambique,MOZ,Africa,31255435,deaths,0,2020-14,0.000000,0
Mozambique,MOZ,Africa,31255435,deaths,0,2020-15,0.000000,0
Netherlands,NLD,Europe,17407585,cases,0,2020-01,0.000000,0
Netherlands,NLD,Europe,17407585,cases,0,2020-02,0.000000,0
Netherlands,NLD,Europe,17407585,cases,0,2020-03,0.000000,0
Netherlands,NLD,Europe,17407585,cases,0,2020-04,0.000000,0
Netherlands,NLD,Europe,17407585,cases,0,2020-05,0.000000,0
Netherlands,NLD,Europe,17407585,cases,0,2020-06,0.000000,0
Netherlands,NLD,Europe,17407585,cases,0,2020-07,0.000000,0
Netherlands,NLD,Europe,17407585,cases,0,2020-08,0.000000,0
Netherlands,NLD,Europe,17407585,cases,13,2020-09,0.074680,13
Netherlands,NLD,Europe,17407585,cases,252,2020-10,1.522325,265
Netherlands,NLD,Europe,17407585,cases,870,2020-11,6.445466,1135
Netherlands,NLD,Europe,17407585,cases,3069,2020-12,22.628067,4204
Netherlands,NLD,Europe,17407585,cases,6662,2020-13,55.900919,10866
Netherlands,NLD,Europe,17407585,cases,6985,2020-14,78.396860,17851
Netherlands,NLD,Europe,17407585,cases,7736,2020-15,84.566584,25587
Netherlands,NLD,Europe,17407585,deaths,0,2020-01,0.000000,0
Netherlands,NLD,Europe,17407585,deaths,0,2020-02,0.000000,0
Netherlands,NLD,Europe,17407585,deaths,0,2020-03,0.000000,0
Netherlands,NLD,Europe,17407585,deaths,0,2020-04,0.000000,0
Netherlands,NLD,Europe,17407585,deaths,0,2020-05,0.000000,0
Netherlands,NLD,Europe,17407585,deaths,0,2020-06,0.000000,0
Netherlands,NLD,Europe,17407585,deaths,0,2020-07,0.000000,0
Netherlands,NLD,Europe,17407585,deaths,0,2020-08,0.000000,0
Netherlands,NLD,Europe,17407585,deaths,0,2020-09,0.000000,0
Netherlands,NLD,Europe,17407585,deaths,3,2020-10,0.172339,3
Netherlands,NLD,Europe,17407585,deaths,17,2020-11,1.148924,20
Netherlands,NLD,Europe,17407585,deaths,159,2020-12,10.110535,179
Netherlands,NLD,Europe,17407585,deaths,592,2020-13,43.142113,771
Netherlands,NLD,Europe,17407585,deaths,995,2020-14,91.167155,1766
Netherlands,NLD,Europe,17407585,deaths,971,2020-15,112.939273,2737
Norway,NOR,Europe,5367580,cases,0,2020-01,0.000000,0
Norway,NOR,Europe,5367580,cases,0,2020-02,0.000000,0
Norway,NOR,Europe,5367580,cases,0,2020-03,0.000000,0
Norway,NOR,Europe,5367580,cases,0,2020-04,0.000000,0
Norway,NOR,Europe,5367580,cases,0,2020-05,0.000000,0
Norway,NOR,Europe,5367580,cases,0,2020-06,0.000000,0
Norway,NOR,Europe,5367580,cases,0,2020-07,0.000000,0
Norway,NOR,Europe,5367580,cases,0,2020-08,0.000000,0
Norway,NOR,Europe,5367580,cases,19,2020-09,0.353977,19
Norway,NOR,Europe,5367580,cases,150,2020-10,3.148532,169
Norway,NOR,Europe,5367580,cases,908,2020-11,19.710931,1077
Norway,NOR,Europe,5367580,cases,1055,2020-12,36.571416,2132
Norway,NOR,Europe,5367580,cases,1970,2020-13,56.356868,4102
Norway,NOR,Europe,5367580,cases,1538,2020-14,65.355337,5640
Norway,NOR,Europe,5367580,cases,775,2020-15,43.092045,6415
Norway,NOR,Europe,5367580,deaths,0,2020-01,0.000000,0
Norway,NOR,Europe,5367580,deaths,0,2020-02,0.000000,0
Norway,NOR,Europe,5367580,deaths,0,2020-03,0.000000,0
Norway,NOR,Europe,5367580,deaths,0,2020-04,0.000000,0
Norway,NOR,Europe,5367580,deaths,0,2020-05,0.000000,0
Norway,NOR,Europe,5367580,deaths,0,2020-06,0.000000,0
Norway,NOR,Europe,5367580,deaths,0,2020-07,0.000000,0
Norway,NOR,Europe,5367580,deaths,0,2020-08,0.000000,0
Norway,NOR,Europe,5367580,deaths,0,2020-09,0.000000,0
Norway,NOR,Europe,5367580,deaths,0,2020-10,0.000000,0
Norway,NOR,Europe,5367580,deaths,1,2020-11,0.186304,1
Norway,NOR,Europe,5367580,deaths,6,2020-12,1.304126,7
Norway,NOR,Europe,5367580,deaths,15,2020-13,3.912378,22
Norway,NOR,Europe,5367580,deaths,36,2020-14,9.501489,58
Norway,NOR,Europe,5367580,deaths,45,2020-15,15.090599,103
Paraguay,PRY,America,7132530,cases,8,2020-11,0.000000,8
Paraguay,PRY,America,7132530,cases,14,2020-12,0.308446,22
Paraguay,PRY,America,7132530,cases,42,2020-13,0.785135,64
Paraguay,PRY,America,7132530,cases,49,2020-14,1.275845,113
Paraguay,PRY,America,7132530,cases,34,2020-15,1.163682,147
Paraguay,PRY,America,7132530,deaths,0,2020-11,0.000000,0
Paraguay,PRY,America,7132530,deaths,1,2020-12,0.140203,1
Paraguay,PRY,America,7132530,deaths,2,2020-13,0.420608,3
Paraguay,PRY,America,7132530,deaths,2,2020-14,0.560811,5
Paraguay,PRY,America,7132530,deaths,1,2020-15,0.420608,6
Peru,PER,America,32971846,cases,7,2020-10,0.000000,7
Peru,PER,America,32971846,cases,64,2020-11,0.215335,71
Peru,PER,America,32971846,cases,292,2020-12,1.079709,363
Peru,PER,America,32971846,cases,489,2020-13,2.368688,852
Peru,PER,America,32971846,cases,1429,2020-14,5.817084,2281
Peru,PER,America,32971846,cases,5238,2020-15,20.220281,7519
Peru,PER,America,32971846,deaths,0,2020-10,0.000000,0
Peru,PER,America,32971846,deaths,0,2020-11,0.000000,0
Peru,PER,America,32971846,deaths,5,2020-12,0.151645,5
Peru,PER,America,32971846,deaths,13,2020-13,0.545920,18
Peru,PER,America,32971846,deaths,65,2020-14,2.365655,83
Peru,PER,America,32971846,deaths,110,2020-15,5.307558,193
Poland,POL,Europe,37958138,cases,11,2020-10,0.000000,11
Poland,POL,Europe,37958138,cases,114,2020-11,0.329310,125
Poland,POL,Europe,37958138,cases,509,2020-12,1.641282,634
Poland,POL,Europe,37958138,cases,1228,2020-13,4.576094,1862
Poland,POL,Europe,37958138,cases,2240,2020-14,9.136381,4102
Poland,POL,Europe,37958138,cases,2572,2020-15,12.677123,6674
Poland,POL,Europe,37958138,deaths,0,2020-10,0.000000,0
Poland,POL,Europe,37958138,deaths,3,2020-11,0.079034,3
Poland,POL,Europe,37958138,deaths,4,2020-12,0.184414,7
Poland,POL,Europe,37958138,deaths,15,2020-13,0.500551,22
Poland,POL,Europe,37958138,deaths,72,2020-14,2.291999,94
Poland,POL,Europe,37958138,deaths,138,2020-15,5.532410,232
Portugal,PRT,Europe,10295909,cases,30,2020-10,0.000000,30
Portugal,PRT,Europe,10295909,cases,215,2020-11,2.379586,245
Portugal,PRT,Europe,10295909,cases,1355,2020-12,15.248775,1600
Portugal,PRT,Europe,10295909,cases,4362,2020-13,55.526909,5962
Portugal,PRT,Europe,10295909,cases,5316,2020-14,93.998500,11278
Portugal,PRT,Europe,10295909,cases,5307,2020-15,103.176903,16585
Portugal,PRT,Europe,10295909,deaths,0,2020-10,0.000000,0
Portugal,PRT,Europe,10295909,deaths,0,2020-11,0.000000,0
Portugal,PRT,Europe,10295909,deaths,14,2020-12,1.359763,14
Portugal,PRT,Europe,10295909,deaths,105,2020-13,11.557989,119
Portugal,PRT,Europe,10295909,deaths,176,2020-14,27.292394,295
Portugal,PRT,Europe,10295909,deaths,209,2020-15,37.393493,504
Romania,ROU,Europe,19328838,cases,0,2020-01,0.000000,0
Romania,ROU,Europe,19328838,cases,0,2020-02,0.000000,0
Romania,ROU,Europe,19328838,cases,0,2020-03,0.000000,0
Romania,ROU,Europe,19328838,cases,0,2020-04,0.000000,0
Romania,ROU,Europe,19328838,cases,0,2020-05,0.000000,0
Romania,ROU,Europe,19328838,cases,0,2020-06,0.000000,0
Romania,ROU,Europe,19328838,cases,0,2020-07,0.000000,0
Romania,ROU,Europe,19328838,cases,0,2020-08,0.000000,0
Romania,ROU,Europe,19328838,cases,3,2020-09,0.015521,3
Romania,ROU,Europe,19328838,cases,12,2020-10,0.077604,15
Romania,ROU,Europe,19328838,cases,124,2020-11,0.703612,139
Romania,ROU,Europe,19328838,cases,294,2020-12,2.162572,433
Romania,ROU,Europe,19328838,cases,1327,2020-13,8.386433,1760
Romania,ROU,Europe,19328838,cases,2104,2020-14,17.750679,3864
Romania,ROU,Europe,19328838,cases,2436,2020-15,23.488220,6300
Romania,ROU,Europe,19328838,deaths,0,2020-01,0.000000,0
Romania,ROU,Europe,19328838,deaths,0,2020-02,0.000000,0
Romania,ROU,Europe,19328838,deaths,0,2020-03,0.000000,0
Romania,ROU,Europe,19328838,deaths,0,2020-04,0.000000,0
Romania,ROU,Europe,19328838,deaths,0,2020-05,0.000000,0
Romania,ROU,Europe,19328838,deaths,0,2020-06,0.000000,0
Romania,ROU,Europe,19328838,deaths,0,2020-07,0.000000,0
Romania,ROU,Europe,19328838,deaths,0,2020-08,0.000000,0
Romania,ROU,Europe,19328838,deaths,0,2020-09,0.000000,0
Romania,ROU,Europe,19328838,deaths,0,2020-10,0.000000,0
Romania,ROU,Europe,19328838,deaths,0,2020-11,0.000000,0
Romania,ROU,Europe,19328838,deaths,2,2020-12,0.103472,2
Romania,ROU,Europe,19328838,deaths,38,2020-13,2.069447,40
Romania,ROU,Europe,19328838,deaths,108,2020-14,7.553480,148
Romania,ROU,Europe,19328838,deaths,158,2020-15,13.761821,306
Singapore,SGP,Asia,5850343,cases,0,2020-01,0.000000,0
Singapore,SGP,Asia,5850343,cases,0,2020-02,0.000000,0
Singapore,SGP,Asia,5850343,cases,0,2020-03,0.000000,0
Singapore,SGP,Asia,5850343,cases,4,2020-04,0.068372,4
Singapore,SGP,Asia,5850343,cases,14,2020-05,0.307674,18
Singapore,SGP,Asia,5850343,cases,25,2020-06,0.666628,43
Singapore,SGP,Asia,5850343,cases,32,2020-07,0.974302,75
Singapore,SGP,Asia,5850343,cases,14,2020-08,0.786279,89
Singapore,SGP,Asia,5850343,cases,17,2020-09,0.529883,106
Singapore,SGP,Asia,5850343,cases,44,2020-10,1.042674,150
Singapore,SGP,Asia,5850343,cases,76,2020-11,2.051162,226
Singapore,SGP,Asia,5850343,cases,229,2020-12,5.213370,455
Singapore,SGP,Asia,5850343,cases,389,2020-13,10.563483,844
Singapore,SGP,Asia,5850343,cases,465,2020-14,14.597435,1309
Singapore,SGP,Asia,5850343,cases,1223,2020-15,28.853009,2532
Singapore,SGP,Asia,5850343,deaths,0,2020-01,0.000000,0
Singapore,SGP,Asia,5850343,deaths,0,2020-02,0.000000,0
Singapore,SGP,Asia,5850343,deaths,0,2020-03,0.000000,0
Singapore,SGP,Asia,5850343,deaths,0,2020-04,0.000000,0
Singapore,SGP,Asia,5850343,deaths,0,2020-05,0.000000,0
Singapore,SGP,Asia,5850343,deaths,0,2020-06,0.000000,0
Singapore,SGP,Asia,5850343,deaths,0,2020-07,0.000000,0
Singapore,SGP,Asia,5850343,deaths,0,2020-08,0.000000,0
Singapore,SGP,Asia,5850343,deaths,0,2020-09,0.000000,0
Singapore,SGP,Asia,5850343,deaths,0,2020-10,0.000000,0
Singapore,SGP,Asia,5850343,deaths,0,2020-11,0.000000,0
Singapore,SGP,Asia,5850343,deaths,2,2020-12,0.341860,2
Singapore,SGP,Asia,5850343,deaths,1,2020-13,0.512790,3
Singapore,SGP,Asia,5850343,deaths,3,2020-14,0.683721,6
Singapore,SGP,Asia,5850343,deaths,2,2020-15,0.854651,8
Slovakia,SVK,Europe,5457873,cases,5,2020-10,0.000000,5
Slovakia,SVK,Europe,5457873,cases,56,2020-11,1.117652,61
Slovakia,SVK,Europe,5457873,cases,124,2020-12,3.297988,185
Slovakia,SVK,Europe,5457873,cases,151,2020-13,5.038593,336
Slovakia,SVK,Europe,5457873,cases,149,2020-14,5.496647,485
Slovakia,SVK,Europe,5457873,cases,257,2020-15,7.438795,742
Slovakia,SVK,Europe,5457873,deaths,0,2020-10,0.000000,0
Slovakia,SVK,Europe,5457873,deaths,0,2020-11,0.000000,0
Slovakia,SVK,Europe,5457873,deaths,0,2020-12,0.000000,0
Slovakia,SVK,Europe,5457873,deaths,0,2020-13,0.000000,0
Slovakia,SVK,Europe,5457873,deaths,0,2020-14,0.000000,0
Slovakia,SVK,Europe,5457873,deaths,2,2020-15,0.366443,2
South Africa,ZAF,Africa,59308690,cases,3,2020-10,0.000000,3
South Africa,ZAF,Africa,59308690,cases,48,2020-11,0.085991,51
South Africa,ZAF,Africa,59308690,cases,223,2020-12,0.456931,274
South Africa,ZAF,Africa,59308690,cases,1006,2020-13,2.072209,1280
South Africa,ZAF,Africa,59308690,cases,375,2020-14,2.328495,1655
South Africa,ZAF,Africa,59308690,cases,518,2020-15,1.505682,2173
South Africa,ZAF,Africa,59308690,deaths,0,2020-10,0.000000,0
South Africa,ZAF,Africa,59308690,deaths,0,2020-11,0.000000,0
South Africa,ZAF,Africa,59308690,deaths,0,2020-12,0.000000,0
South Africa,ZAF,Africa,59308690,deaths,2,2020-13,0.033722,2
South Africa,ZAF,Africa,59308690,deaths,9,2020-14,0.185470,11
South Africa,ZAF,Africa,59308690,deaths,14,2020-15,0.387802,25
Spain,ESP,Europe,47332614,cases,0,2020-01,0.000000,0
Spain,ESP,Europe,47332614,cases,0,2020-02,0.000000,0
Spain,ESP,Europe,47332614,cases,0,2020-03,0.000000,0
Spain,ESP,Europe,47332614,cases,0,2020-04,0.000000,0
Spain,ESP,Europe,47332614,cases,1,2020-05,0.002113,1
Spain,ESP,Europe,47332614,cases,1,2020-06,0.004225,2
Spain,ESP,Europe,47332614,cases,0,2020-07,0.002113,2
Spain,ESP,Europe,47332614,cases,0,2020-08,0.000000,2
Spain,ESP,Europe,47332614,cases,134,2020-09,0.283103,136
Spain,ESP,Europe,47332614,cases,1391,2020-10,3.221880,1527
Spain,ESP,Europe,47332614,cases,9964,2020-11,23.989801,11491
Spain,ESP,Europe,47332614,cases,29771,2020-12,83.948459,41262
Spain,ESP,Europe,47332614,cases,54860,2020-13,178.800605,96122
Spain,ESP,Europe,47332614,cases,46276,2020-14,213.670853,142398
Spain,ESP,Europe,47332614,cases,32553,2020-15,166.542672,174951
Spain,ESP,Europe,47332614,deaths,0,2020-01,0.000000,0
Spain,ESP,Europe,47332614,deaths,0,2020-02,0.000000,0
Spain,ESP,Europe,47332614,deaths,0,2020-03,0.000000,0
Spain,ESP,Europe,47332614,deaths,0,2020-04,0.000000,0
Spain,ESP,Europe,47332614,deaths,0,2020-05,0.000000,0
Spain,ESP,Europe,47332614,deaths,0,2020-06,0.000000,0
Spain,ESP,Europe,47332614,deaths,0,2020-07,0.000000,0
Spain,ESP,Europe,47332614,deaths,0,2020-08,0.000000,0
Spain,ESP,Europe,47332614,deaths,0,2020-09,0.000000,0
Spain,ESP,Europe,47332614,deaths,5,2020-10,0.105635,5
Spain,ESP,Europe,47332614,deaths,283,2020-11,6.084600,288
Spain,ESP,Europe,47332614,deaths,1432,2020-12,36.232945,1720
Spain,ESP,Europe,47332614,deaths,4808,2020-13,131.832989,6528
Spain,ESP,Europe,47332614,deaths,5890,2020-14,226.017519,12418
Spain,ESP,Europe,47332614,deaths,4554,2020-15,220.651241,16972
Sweden,SWE,Europe,10327589,cases,0,2020-01,0.000000,0
Sweden,SWE,Europe,10327589,cases,0,2020-02,0.000000,0
Sweden,SWE,Europe,10327589,cases,0,2020-03,0.000000,0
Sweden,SWE,Europe,10327589,cases,0,2020-04,0.000000,0
Sweden,SWE,Europe,10327589,cases,0,2020-05,0.000000,0
Sweden,SWE,Europe,10327589,cases,1,2020-06,0.009683,1
Sweden,SWE,Europe,10327589,cases,0,2020-07,0.009683,1
Sweden,SWE,Europe,10327589,cases,0,2020-08,0.000000,1
Sweden,SWE,Europe,10327589,cases,13,2020-09,0.125876,14
Sweden,SWE,Europe,10327589,cases,211,2020-10,2.168948,225
Sweden,SWE,Europe,10327589,cases,838,2020-11,10.157259,1063
Sweden,SWE,Europe,10327589,cases,924,2020-12,17.061097,1987
Sweden,SWE,Europe,10327589,cases,1957,2020-13,27.896153,3944
Sweden,SWE,Europe,10327589,cases,3229,2020-14,50.215011,7173
Sweden,SWE,Europe,10327589,cases,3740,2020-15,67.479448,10913
Sweden,SWE,Europe,10327589,deaths,0,2020-01,0.000000,0
Sweden,SWE,Europe,10327589,deaths,0,2020-02,0.000000,0
Sweden,SWE,Europe,10327589,deaths,0,2020-03,0.000000,0
Sweden,SWE,Europe,10327589,deaths,0,2020-04,0.000000,0
Sweden,SWE,Europe,10327589,deaths,0,2020-05,0.000000,0
Sweden,SWE,Europe,10327589,deaths,0,2020-06,0.000000,0
Sweden,SWE,Europe,10327589,deaths,0,2020-07,0.000000,0
Sweden,SWE,Europe,10327589,deaths,0,2020-08,0.000000,0
Sweden,SWE,Europe,10327589,deaths,0,2020-09,0.000000,0
Sweden,SWE,Europe,10327589,deaths,0,2020-10,0.000000,0
Sweden,SWE,Europe,10327589,deaths,41,2020-11,3.969949,41
Sweden,SWE,Europe,10327589,deaths,44,2020-12,8.230382,85
Sweden,SWE,Europe,10327589,deaths,190,2020-13,22.657757,275
Sweden,SWE,Europe,10327589,deaths,451,2020-14,62.066761,726
Sweden,SWE,Europe,10327589,deaths,664,2020-15,107.963243,1390
Switzerland,CHE,Europe,8606033,cases,0,2020-01,0.000000,0
Switzerland,CHE,Europe,8606033,cases,0,2020-02,0.000000,0
Switzerland,CHE,Europe,8606033,cases,0,2020-03,0.000000,0
Switzerland,CHE,Europe,8606033,cases,0,2020-04,0.000000,0
Switzerland,CHE,Europe,8606033,cases,0,2020-05,0.000000,0
Switzerland,CHE,Europe,8606033,cases,0,2020-06,0.000000,0
Switzerland,CHE,Europe,8606033,cases,0,2020-07,0.000000,0
Switzerland,CHE,Europe,8606033,cases,0,2020-08,0.000000,0
Switzerland,CHE,Europe,8606033,cases,24,2020-09,0.278874,24
Switzerland,CHE,Europe,8606033,cases,308,2020-10,3.857759,332
Switzerland,CHE,Europe,8606033,cases,1868,2020-11,25.284588,2200
Switzerland,CHE,Europe,8606033,cases,4771,2020-12,77.143557,6971
Switzerland,CHE,Europe,8606033,cases,7303,2020-13,140.296929,14274
Switzerland,CHE,Europe,8606033,cases,6748,2020-14,163.269186,21022
Switzerland,CHE,Europe,8606033,cases,4198,2020-15,127.189845,25220
Switzerland,CHE,Europe,8606033,deaths,0,2020-01,0.000000,0
Switzerland,CHE,Europe,8606033,deaths,0,2020-02,0.000000,0
Switzerland,CHE,Europe,8606033,deaths,0,2020-03,0.000000,0
Switzerland,CHE,Europe,8606033,deaths,0,2020-04,0.000000,0
Switzerland,CHE,Europe,8606033,deaths,0,2020-05,0.000000,0
Switzerland,CHE,Europe,8606033,deaths,0,2020-06,0.000000,0
Switzerland,CHE,Europe,8606033,deaths,0,2020-07,0.000000,0
Switzerland,CHE,Europe,8606033,deaths,0,2020-08,0.000000,0
Switzerland,CHE,Europe,8606033,deaths,0,2020-09,0.000000,0
Switzerland,CHE,Europe,8606033,deaths,2,2020-10,0.232395,2
Switzerland,CHE,Europe,8606033,deaths,11,2020-11,1.510568,13
Switzerland,CHE,Europe,8606033,deaths,47,2020-12,6.739458,60
Switzerland,CHE,Europe,8606033,deaths,197,2020-13,28.352204,257
Switzerland,CHE,Europe,8606033,deaths,302,2020-14,57.982580,559
Switzerland,CHE,Europe,8606033,deaths,299,2020-15,69.834731,858
Thailand,THA,Asia,69799978,cases,0,2020-01,0.000000,0
Thailand,THA,Asia,69799978,cases,1,2020-02,0.001433,1
Thailand,THA,Asia,69799978,cases,1,2020-03,0.002865,2
Thailand,THA,Asia,69799978,cases,6,2020-04,0.010029,8
Thailand,THA,Asia,69799978,cases,11,2020-05,0.024355,19
Thailand,THA,Asia,69799978,cases,13,2020-06,0.034384,32
Thailand,THA,Asia,69799978,cases,2,2020-07,0.021490,34
Thailand,THA,Asia,69799978,cases,1,2020-08,0.004298,35
Thailand,THA,Asia,69799978,cases,8,2020-09,0.012894,43
Thailand,THA,Asia,69799978,cases,7,2020-10,0.021490,50
Thailand,THA,Asia,69799978,cases,64,2020-11,0.101719,114
Thailand,THA,Asia,69799978,cases,607,2020-12,0.961318,721
Thailand,THA,Asia,69799978,cases,667,2020-13,1.825215,1388
Thailand,THA,Asia,69799978,cases,832,2020-14,2.147565,2220
Thailand,THA,Asia,69799978,cases,359,2020-15,1.706304,2579
Thailand,THA,Asia,69799978,deaths,0,2020-01,0.000000,0
Thailand,THA,Asia,69799978,deaths,0,2020-02,0.000000,0
Thailand,THA,Asia,69799978,deaths,0,2020-03,0.000000,0
Thailand,THA,Asia,69799978,deaths,0,2020-04,0.000000,0
Thailand,THA,Asia,69799978,deaths,0,2020-05,0.000000,0
Thailand,THA,Asia,69799978,deaths,0,2020-06,0.000000,0
Thailand,THA,Asia,69799978,deaths,0,2020-07,0.000000,0
Thailand,THA,Asia,69799978,deaths,0,2020-08,0.000000,0
Thailand,THA,Asia,69799978,deaths,1,2020-09,0.014327,1
Thailand,THA,Asia,69799978,deaths,0,2020-10,0.014327,1
Thailand,THA,Asia,69799978,deaths,0,2020-11,0.000000,1
Thailand,THA,Asia,69799978,deaths,0,2020-12,0.000000,1
Thailand,THA,Asia,69799978,deaths,6,2020-13,0.085960,7
Thailand,THA,Asia,69799978,deaths,19,2020-14,0.358166,26
Thailand,THA,Asia,69799978,deaths,14,2020-15,0.472780,40
Tunisia,TUN,Africa,11818618,cases,18,2020-11,0.000000,18
Tunisia,TUN,Africa,11818618,cases,57,2020-12,0.634592,75
Tunisia,TUN,Africa,11818618,cases,203,2020-13,2.199919,278
Tunisia,TUN,Africa,11818618,cases,275,2020-14,4.044466,553
Tunisia,TUN,Africa,11818618,cases,154,2020-15,3.629866,707
Tunisia,TUN,Africa,11818618,deaths,0,2020-11,0.000000,0
Tunisia,TUN,Africa,11818618,deaths,3,2020-12,0.253837,3
Tunisia,TUN,Africa,11818618,deaths,5,2020-13,0.676898,8
Tunisia,TUN,Africa,11818618,deaths,11,2020-14,1.353796,19
Tunisia,TUN,Africa,11818618,deaths,12,2020-15,1.946082,31
Turkey,TUR,Europe,83154997,cases,18,2020-11,0.000000,18
Turkey,TUR,Europe,83154997,cases,1218,2020-12,1.486381,1236
Turkey,TUR,Europe,83154997,cases,8035,2020-13,11.127413,9271
Turkey,TUR,Europe,83154997,cases,17798,2020-14,31.066083,27069
Turkey,TUR,Europe,83154997,cases,29887,2020-15,57.344720,56956
Turkey,TUR,Europe,83154997,deaths,0,2020-11,0.000000,0
Turkey,TUR,Europe,83154997,deaths,30,2020-12,0.360772,30
Turkey,TUR,Europe,83154997,deaths,101,2020-13,1.575371,131
Turkey,TUR,Europe,83154997,deaths,443,2020-14,6.542000,574
Turkey,TUR,Europe,83154997,deaths,624,2020-15,12.831460,1198
United Kingdom,GBR,Europe,68059863,cases,0,2020-01,0.000000,0
United Kingdom,GBR,Europe,68059863,cases,0,2020-02,0.000000,0
United Kingdom,GBR,Europe,68059863,cases,0,2020-03,0.000000,0
United Kingdom,GBR,Europe,68059863,cases,0,2020-04,0.000000,0
United Kingdom,GBR,Europe,68059863,cases,2,2020-05,0.002939,2
United Kingdom,GBR,Europe,68059863,cases,6,2020-06,0.011754,8
United Kingdom,GBR,Europe,68059863,cases,2,2020-07,0.011754,10
United Kingdom,GBR,Europe,68059863,cases,1,2020-08,0.004408,11
United Kingdom,GBR,Europe,68059863,cases,36,2020-09,0.054364,47
United Kingdom,GBR,Europe,68059863,cases,365,2020-10,0.589187,412
United Kingdom,GBR,Europe,68059863,cases,2193,2020-11,3.758456,2605
United Kingdom,GBR,Europe,68059863,cases,6329,2020-12,12.521330,8934
United Kingdom,GBR,Europe,68059863,cases,17889,2020-13,35.583380,26823
United Kingdom,GBR,Europe,68059863,cases,30357,2020-14,70.887595,57180
United Kingdom,GBR,Europe,68059863,cases,32205,2020-15,91.922019,89385
United Kingdom,GBR,Europe,68059863,deaths,0,2020-01,0.000000,0
United Kingdom,GBR,Europe,68059863,deaths,0,2020-02,0.000000,0
United Kingdom,GBR,Europe,68059863,deaths,0,2020-03,0.000000,0
United Kingdom,GBR,Europe,68059863,deaths,0,2020-04,0.000000,0
United Kingdom,GBR,Europe,68059863,deaths,0,2020-05,0.000000,0
United Kingdom,GBR,Europe,68059863,deaths,0,2020-06,0.000000,0
United Kingdom,GBR,Europe,68059863,deaths,0,2020-07,0.000000,0
United Kingdom,GBR,Europe,68059863,deaths,0,2020-08,0.000000,0
United Kingdom,GBR,Europe,68059863,deaths,0,2020-09,0.000000,0
United Kingdom,GBR,Europe,68059863,deaths,2,2020-10,0.029386,2
United Kingdom,GBR,Europe,68059863,deaths,41,2020-11,0.631797,43
United Kingdom,GBR,Europe,68059863,deaths,245,2020-12,4.202183,288
United Kingdom,GBR,Europe,68059863,deaths,1388,2020-13,23.993583,1676
United Kingdom,GBR,Europe,68059863,deaths,4197,2020-14,82.060112,5873
United Kingdom,GBR,Europe,68059863,deaths,6440,2020-15,156.288883,12313
United Republic Of Tanzania,TZA,Africa,59734213,cases,12,2020-12,0.000000,12
United Republic Of Tanzania,TZA,Africa,59734213,cases,2,2020-13,0.023437,14
United Republic Of Tanzania,TZA,Africa,59734213,cases,8,2020-14,0.016741,22
United Republic Of Tanzania,TZA,Africa,59734213,cases,10,2020-15,0.030133,32
United Republic Of Tanzania,TZA,Africa,59734213,deaths,0,2020-12,0.000000,0
United Republic Of Tanzania,TZA,Africa,59734213,deaths,1,2020-13,0.016741,1
United Republic Of Tanzania,TZA,Africa,59734213,deaths,0,2020-14,0.016741,1
United Republic Of Tanzania,TZA,Africa,59734213,deaths,2,2020-15,0.033482,3
United States Of America,USA,America,331002647,cases,0,2020-01,0.000000,0
United States Of America,USA,America,331002647,cases,0,2020-02,0.000000,0
United States Of America,USA,America,331002647,cases,0,2020-03,0.000000,0
United States Of America,USA,America,331002647,cases,5,2020-04,0.001511,5
United States Of America,USA,America,331002647,cases,6,2020-05,0.003323,11
United States Of America,USA,America,331002647,cases,1,2020-06,0.002115,12
United States Of America,USA,America,331002647,cases,3,2020-07,0.001208,15
United States Of America,USA,America,331002647,cases,20,2020-08,0.006949,35
United States Of America,USA,America,331002647,cases,54,2020-09,0.022356,89
United States Of America,USA,America,331002647,cases,465,2020-10,0.156796,554
United States Of America,USA,America,331002647,cases,3220,2020-11,1.113284,3774
United States Of America,USA,America,331002647,cases,31432,2020-12,10.468798,35206
United States Of America,USA,America,331002647,cases,107819,2020-13,42.069452,143025
United States Of America,USA,America,331002647,cases,194610,2020-14,91.367547,337635
United States Of America,USA,America,331002647,cases,219936,2020-15,125.239482,557571
United States Of America,USA,America,331002647,deaths,0,2020-01,0.000000,0
United States Of America,USA,America,331002647,deaths,0,2020-02,0.000000,0
United States Of America,USA,America,331002647,deaths,0,2020-03,0.000000,0
United States Of America,USA,America,331002647,deaths,0,2020-04,0.000000,0
United States Of America,USA,America,331002647,deaths,0,2020-05,0.000000,0
United States Of America,USA,America,331002647,deaths,0,2020-06,0.000000,0
United States Of America,USA,America,331002647,deaths,0,2020-07,0.000000,0
United States Of America,USA,America,331002647,deaths,0,2020-08,0.000000,0
United States Of America,USA,America,331002647,deaths,2,2020-09,0.006042,2
United States Of America,USA,America,331002647,deaths,19,2020-10,0.063444,21
United States Of America,USA,America,331002647,deaths,48,2020-11,0.202415,69
United States Of America,USA,America,331002647,deaths,402,2020-12,1.359506,471
United States Of America,USA,America,331002647,deaths,2038,2020-13,7.371542,2509
United States Of America,USA,America,331002647,deaths,7138,2020-14,27.721833,9647
United States Of America,USA,America,331002647,deaths,12461,2020-15,59.211007,22108
